category,level,genre,ntwk,metric_share,client_metric,prog_metric,client_share,affinity_denom,Genre Share,Client Genre Share,Affinity,Overall Share
&TV,Hindi GEC,Hindi GEC,Zee Network,24252.32354,294.578539,1058.380981,5425.3185285,1670.3386475,4.36403950844,5.42970034759,63.3632576594,2.63948038752
&TV HD,Hindi GEC,Hindi GEC,Zee Network,24252.32354,,4.5130505,5425.3185285,,0.0186087345097,,,
&pictures,Hindi Movies,Hindi Movies,Zee Network,10244.0330855,135.153341,891.863891,745.0048915,1342.789132,8.70617932953,18.1412689423,66.4187600083,1.2109999394
&pictures HD,Hindi Movies,Hindi Movies,Zee Network,10244.0330855,,0.359151,745.0048915,,0.00350595314367,,,
24 Ghanta,Bengali News,Bengali News,Zee Network,407.4867615,,99.1493175,17.2091205,1533.2136575,24.3319113325,,6.46676456442,
9X Jalwa,Hindi Music,Hindi Music,9X Media,1844.2041725,45.4175215,279.998374,279.5362545,304.448889,15.1826125423,16.2474529757,91.9689261865,0.406949731152
9X Jhakaas,Marathi Music,Marathi Music,9X Media,82.848966,7.5647895,68.527922,21.8858335,,82.7142755167,34.5647767996,,0.0677819694156
9X M,Hindi Music,Hindi Music,9X Media,1844.2041725,25.148556,206.308133,279.5362545,375.4230135,11.186837991,8.99652749694,54.9535125928,0.225335900442
9X Tashan,Hindi Music,Hindi Music,9X Media,1844.2041725,7.959108,74.6915395,279.5362545,,4.05006889225,2.84725429059,,0.071315139044
9XO,English Music,English Music,9X Media,12.431664,,0.769013,1.411815,,6.18592169158,,,
ABP Ananda,Bengali News,Bengali News,ABP,407.4867615,,161.480369,17.2091205,2486.7602045,39.6283718287,,6.4936043575,
ABP Majha,Marathi News,Marathi News,ABP,254.1373295,,83.053101,31.0891035,663.13853,32.6804020344,,12.5242460274,
ABP News,Hindi News,Hindi News,ABP,3967.655552,,465.2682425,22.033993,854.87,11.7265280819,,54.4256135436,
AXN,English GEC,English GEC,Sony Network,27.754196,0.277227,5.99314,1.8088205,7.8683965,21.5936357875,15.3263964003,76.1672343279,0.00248400725958
AXN HD,English GEC,English GEC,Sony Network,27.754196,,0.018512,1.8088205,,0.0666998244157,,,
Aaj Tak,Hindi News,Hindi News,TV Today Group,3967.655552,8.357959,506.439476,22.033993,1024.24,12.7641996479,37.932112441,49.4453913145,0.0748889207445
Aakaash (Bangla),Bengali GEC,Bengali GEC,OTHERS,2109.26117,,0.0,319.2389145,0.0,0.0,,,
Aapla Talkies,Marathi Movies,Marathi Movies,OTHERS,321.3332515,11.140202,11.140202,40.2901775,,3.46686872522,27.6499203807,,0.0998183533391
Adithya,Tamil Music,Tamil Music,Sun Network,527.3281735,32.772379,189.5008375,53.6809815,,35.936035096,61.0502604167,,0.293646821376
Animal Planet,English INFO,English INFO,Discovery Network,826.2188965,4.1990405,148.8274655,15.523901,180.3044445,18.0130793583,27.0488745065,82.5423166427,0.0376242107921
Animal Planet HD World,English INFO,English INFO,Discovery Network,826.2188965,,0.0,15.523901,,0.0,,,
Asianet,Malayalam GEC,Malayalam GEC,Star Network,2705.6142805,92.420774,1535.872278,196.830327,1535.872278,56.7661210642,46.9545396833,100.0,0.828107917164
Asianet Movies,Malayalam Movies,Malayalam Movies,Star Network,441.656688,0.7958415,246.6634695,26.3013165,,55.8495945385,3.02586184232,,0.00713089296307
Asianet Plus,Malayalam GEC,Malayalam GEC,Star Network,2705.6142805,32.6446945,135.071852,196.830327,135.071852,4.99228042125,16.5851954816,100.0,0.292502743689
B4U Movies,Hindi Movies,Hindi Movies,OTHERS,10244.0330855,79.140731,429.3174005,745.0048915,555.0859535,4.19090212729,10.6228471656,77.3425084517,0.709116176751
B4U Music,Hindi Music,Hindi Music,OTHERS,1844.2041725,80.82614,253.0175495,279.5362545,380.274156,13.7196061734,28.914367528,66.5355627007,0.724217765671
BIG MAGIC,Hindi GEC,Hindi GEC,Reliance,24252.32354,13.3818755,48.5268755,5425.3185285,66.246416,0.200091654806,0.246656033737,73.2520767614,0.119904179206
BIG MAGIC GANGA,Bhojpuri GEC,Bhojpuri GEC,Reliance,308.924414,0.202749,59.6016675,70.1923025,,19.2932849587,0.288847911778,,0.00181667004971
BINDASS,Hindi Youth,Hindi Youth,Disney UTV,360.9866625,0.300034,136.992559,29.1549745,298.204636,37.9494793662,1.02910053994,45.9391110875,0.00268836236773
Bindass Play,Hindi Music,Hindi Music,Disney UTV,1844.2041725,1.161693,127.1682345,279.5362545,,6.89556158674,0.415578652607,,0.0104089927944
CNBC AWAAZ,Hindi News,Hindi News,Viacom,3967.655552,,22.9690475,22.033993,53.165,0.578907296739,,43.2033245556,
CNBC BAJAR,Gujarati News,Gujarati News,Viacom,70.427211,,0.1813095,15.892159,,0.257442396803,,,
Captain TV,Tamil GEC,Tamil GEC,OTHERS,7032.552157,0.0,0.0,836.1146285,0.0,0.0,0.0,,0.0
Cartoon Network,Hindi Kids,Hindi Kids,Turner Group,2720.1450925,25.752571,412.3682875,274.8492215,512.275,15.159790139,9.36970854764,80.4974452199,0.230747991057
Channel V,Hindi Youth,Hindi Youth,Star Network,360.9866625,22.5817005,73.7159785,29.1549745,157.160346,20.4206931052,77.4540224688,46.9049479568,0.202336381289
Chintu TV,Kannada Kids,Kannada Kids,Sun Network,62.584831,31.1924175,62.584831,31.1924175,,100.0,100.0,,0.279490062345
Chutti TV,Tamil Kids,Tamil Kids,OTHERS,225.00511,50.3888315,225.00511,50.3888315,,100.0,100.0,,0.451493625251
Colors,Hindi GEC,Hindi GEC,Viacom,24252.32354,803.8126195,4401.9530795,5425.3185285,6504.233458,18.1506447093,14.8159525616,67.6782761247,7.20231572746
Colors Bangla,Bengali GEC,Bengali GEC,Viacom,2109.26117,40.5354235,140.425198,319.2389145,2103.5145115,6.6575538391,12.697519525,6.67574182314,0.363205193737
Colors Gujarati,Gujarati GEC,Gujarati GEC,Viacom,42.894304,10.373473,39.652511,10.373473,,92.4423695044,100.0,,0.0929483139774
Colors HD,Hindi GEC,Hindi GEC,Viacom,24252.32354,2.902582,37.313241,5425.3185285,,0.153854293336,0.0535006743798,,0.0260076931883
Colors Infinity SD,English GEC,English GEC,Viacom,27.754196,,0.943563,1.8088205,,3.39971296592,,,
Colors Kannada,Kannada GEC,Kannada GEC,Viacom,2046.210747,93.3669755,625.8228915,437.9758475,625.8228915,30.5844787697,21.317836596,100.0,0.836586064657
Colors Marathi,Marathi GEC,Marathi GEC,Viacom,1828.675765,109.087599,419.2731755,453.124157,3442.149912,22.9276935542,24.0745493955,12.1805611673,0.977445875928
DD Bangla,Bengali GEC,Bengali GEC,Doordarshan,2109.26117,0.8001015,4.349297,319.2389145,,0.206200022162,0.250627809975,,0.00716906338271
DD Bharati,Hindi Others,Hindi Others,Doordarshan,377.570785,,1.4871225,69.571919,,0.393865881334,,,
DD Chandana,Kannada GEC,Kannada GEC,Doordarshan,2046.210747,,1.6913685,437.9758475,,0.0826585679153,,,
DD Girnar,Gujarati GEC,Gujarati GEC,Doordarshan,42.894304,,3.241793,10.373473,,7.55763049565,,,
DD Kisan,Hindi Others,Hindi Others,Doordarshan,377.570785,,1.9885565,69.571919,,0.526671177697,,,
DD Lucknow,Hindi Others,Hindi Others,Doordarshan,377.570785,0.2358035,1.956008,69.571919,,0.518050674922,0.338934879747,,0.00211284472953
DD Madhya Pradesh,Hindi Others,Hindi Others,Doordarshan,377.570785,0.0224345,3.244766,69.571919,,0.859379520055,0.0322464872645,,0.000201017436487
DD Malayalam,Malayalam GEC,Malayalam GEC,Doordarshan,2705.6142805,,3.610828,196.830327,,0.133456865083,,,
DD National,Hindi Others,Hindi Others,Doordarshan,377.570785,69.062905,322.6856815,69.571919,,85.4636254497,99.2683628577,,0.618816916777
DD News,Hindi News,Hindi News,Doordarshan,3967.655552,,9.5294655,22.033993,21.235,0.240178749771,,44.8762208618,
DD Podhigai,Tamil GEC,Tamil GEC,Doordarshan,7032.552157,,4.809939,836.1146285,,0.0683953548103,,,
DD Rajasthan,Hindi Others,Hindi Others,Doordarshan,377.570785,,0.968854,69.571919,,0.25660195081,,,
DD Sahyadri,Marathi GEC,Marathi GEC,Doordarshan,1828.675765,1.1357225,5.3538055,453.124157,,0.292769533149,0.250642673196,,0.0101762921175
DD Sports,Sports,Sports,Doordarshan,828.6766034,,0.097843,61.7129135,,0.0118071391902,,,
DD Yadagiri,Telugu GEC,Telugu GEC,Doordarshan,6087.3425355,,1.591559,903.2600595,,0.0261453826644,,,
Dabangg,Bhojpuri GEC,Bhojpuri GEC,OTHERS,308.924414,19.1121285,69.010143,70.1923025,,22.3388440255,27.2282398772,,0.171248348609
Dangal,Bhojpuri GEC,Bhojpuri GEC,OTHERS,308.924414,50.877425,180.3126035,70.1923025,,58.3678710159,72.4829122111,,0.455871517019
Dhamaal,Hindi Others,Hindi Others,OTHERS,377.570785,,0.984279,69.571919,,0.260687277486,,,
Dilli Aaj Tak,Hindi News,Hindi News,TV Today Group,3967.655552,1.1094215,28.9738075,22.033993,57.26,0.730250071365,5.03504516862,50.6004322389,0.00994063009711
Discovery Channel,English INFO,English INFO,Discovery Network,826.2188965,,328.7978825,15.523901,362.007864,39.7954929248,,90.8261712514,
Discovery HD World,English INFO,English INFO,Discovery Network,826.2188965,,0.557044,15.523901,,0.067420873858,,,
Discovery Kids,English Kids,English Kids,Discovery Network,139.410308,11.3539225,139.410308,11.3539225,155.147797,100.0,100.0,89.8564534564,0.10173333014
Discovery Science,English INFO,English INFO,Discovery Network,826.2188965,,23.8997285,15.523901,41.1698075,2.89266302202,,58.0515915699,
Discovery Tamil,Tamil INFO,Tamil INFO,Discovery Network,53.4505965,11.298981,53.4505965,11.298981,,100.0,100.0,,0.101241043729
Discovery Turbo,English INFO,English INFO,Discovery Network,826.2188965,,0.407364,15.523901,1.029658,0.0493046094353,,39.5630393781,
Disney Channel,Hindi Kids,Hindi Kids,Disney UTV,2720.1450925,1.3876635,292.207897,274.8492215,348.665,10.7423643616,0.504881728399,83.8076368434,0.012433731952
Disney XD,Hindi Kids,Hindi Kids,Disney UTV,2720.1450925,1.0877355,61.8070015,274.8492215,71.645,2.2721950263,0.395757169718,86.2684088213,0.00974631936463
E 24,Hindi Music,Hindi Music,OTHERS,1844.2041725,38.948035,99.8476305,279.5362545,165.3813455,5.4141310376,13.9330889547,60.3741795655,0.348981887357
ETV Bihar Jharkhand,Hindi News,Hindi News,OTHERS,3967.655552,,32.053291,22.033993,,0.80786475993,,,
ETV HARYANA HIMACHALPRADESH,Hindi Others,Hindi Others,OTHERS,377.570785,,0.6755605,69.571919,,0.178922874025,,,
ETV Madhya Pradesh,Hindi News,Hindi News,OTHERS,3967.655552,,2.75212,22.033993,,0.0693638841359,,,
ETV NEWS BANGLA,Bengali News,Bengali News,OTHERS,407.4867615,1.250472,32.732978,17.2091205,,8.03289360359,7.26633298895,,0.0112044697158
ETV News Gujarati,Gujarati News,Gujarati News,OTHERS,70.427211,15.892159,29.6195655,15.892159,,42.0569905856,100.0,,0.142396802355
ETV Rajasthan,Hindi News,Hindi News,OTHERS,3967.655552,,18.251971,22.033993,,0.460019040483,,,
ETV Telugu,Telugu GEC,Telugu GEC,OTHERS,6087.3425355,163.635944,1356.7490015,903.2600595,1356.7490015,22.2880344516,18.1161496381,100.0,1.46620954245
ETV Uttar Pradesh,Hindi News,Hindi News,OTHERS,3967.655552,,9.267128,22.033993,,0.23356684769,,,
Enterr10,Hindi Music,Hindi Music,OTHERS,1844.2041725,20.5599145,35.310202,279.5362545,40.0699675,1.91465796068,7.3550082213,88.1213642112,0.184220789729
Epic,Hindi Others,Hindi Others,OTHERS,377.570785,,18.0554285,69.571919,,4.7819982947,,,
FILMY,Hindi Movies,Hindi Movies,Sahara Network,10244.0330855,12.414648,46.3674465,745.0048915,71.8987945,0.452628824146,1.6663847636,64.4898802858,0.111237634708
FX,English GEC,English GEC,Star Network,27.754196,,0.271511,1.8088205,0.723194,0.978270096529,,37.5433147952,
Flowers TV,Malayalam GEC,Malayalam GEC,OTHERS,2705.6142805,,80.743228,196.830327,,2.98428451468,,,
Fox Life,English Lifestyle,English Lifestyle,Star Network,50.0434015,1.960767,25.412916,4.849767,36.3120305,50.7817519159,40.4301278804,69.9848387713,0.0175688495794
GEMINI,Telugu GEC,Telugu GEC,Sun Network,6087.3425355,157.1850895,1079.1559715,903.2600595,1079.1559715,17.7278667203,17.4019749735,100.0,1.40840864496
GEMINI HD,Telugu GEC,Telugu GEC,Sun Network,6087.3425355,0.399229,3.0179205,903.2600595,,0.0495769784992,0.0441986774242,,0.00357716865325
Gemini Comedy,Telugu Comedy,Telugu Comedy,Sun Network,87.31307,10.299043,87.31307,10.299043,,100.0,100.0,,0.0922814068568
Gemini Life,Telugu GEC,Telugu GEC,Sun Network,6087.3425355,38.0731125,103.5226105,903.2600595,,1.70062075358,4.21507760689,,0.341142413418
Gemini Movies,Telugu Movies,Telugu Movies,Sun Network,894.071624,43.161654,605.50308,117.180954,,67.7242251903,36.8333355607,,0.386736724314
Gemini Music,Telugu Music,Telugu Music,Sun Network,288.718172,31.0666925,193.7376495,45.9749645,,67.1026863872,67.5730646839,,0.278363542155
HBO,English Movies,English Movies,Turner Group,316.0944775,1.657999,34.3881845,18.545948,40.207176,10.8790842447,8.93995281341,85.527480219,0.0148559900456
HUNGAMA,Hindi Kids,Hindi Kids,Disney UTV,2720.1450925,10.6864525,290.002103,274.8492215,351.415,10.6612733196,3.88811452391,82.5241105246,0.0957526705159
History TV18,English INFO,English INFO,Viacom,826.2188965,,117.3140885,15.523901,146.495031,14.1989113293,,80.0805922899,
Home Shop 18,Hindi Others,Hindi Others,Viacom,377.570785,,0.004596,69.571919,,0.00121725519627,,,
IBC 24,Hindi News,Hindi News,OTHERS,3967.655552,,1.8062245,22.033993,,0.0455237224181,,,
IBN 7,Hindi News,Hindi News,Viacom,3967.655552,,321.956371,22.033993,645.925,8.11452422672,,49.8442343925,
IBN Lokmat,Marathi News,Marathi News,Viacom,254.1373295,,39.997872,31.0891035,283.1492755,15.7386843085,,14.1260725211,
India News,Hindi News,Hindi News,OTHERS,3967.655552,,429.386181,22.033993,755.765,10.8221637532,,56.8147745662,
India News Haryana,Hindi News,Hindi News,OTHERS,3967.655552,,0.1214,22.033993,,0.00305974141175,,,
India News MP,Hindi News,Hindi News,OTHERS,3967.655552,,0.478834,22.033993,,0.0120684367311,,,
India News Rajasthan,Hindi News,Hindi News,OTHERS,3967.655552,,0.8670185,22.033993,,0.0218521615255,,,
India News UP,Hindi News,Hindi News,OTHERS,3967.655552,,2.2030265,22.033993,,0.0555246409656,,,
India TV,Hindi News,Hindi News,OTHERS,3967.655552,,551.1075305,22.033993,1088.725,13.8900043937,,50.6195348228,
Investigation Discovery,English INFO,English INFO,Discovery Network,826.2188965,10.1283865,16.570234,15.523901,,2.0055501115,65.2438230571,,0.0907522917818
J Movie,Bengali Movies,Bengali Movies,OTHERS,478.8268245,43.125082,159.718826,84.932929,,33.3562820268,50.7754560072,,0.386409032157
Jai Maharashtra,Marathi News,Marathi News,OTHERS,254.1373295,16.92382,17.2388465,31.0891035,,6.78327994314,54.4365005572,,0.15164068341
Jalsha Movies,Bengali Movies,Bengali Movies,Star Network,478.8268245,13.952063,169.4881645,84.932929,2416.801829,35.3965475257,16.4271539487,7.01291113182,0.125013168912
Jaya Max,Tamil Movies,Tamil Movies,OTHERS,1242.284005,23.961611,63.3609345,70.442931,,5.10035823089,34.0156360047,,0.214700644869
Jaya TV,Tamil GEC,Tamil GEC,OTHERS,7032.552157,27.2316365,123.384026,836.1146285,123.384026,1.75447011619,3.25692621224,100.0,0.244000702515
KTV,Tamil Movies,Tamil Movies,Sun Network,1242.284005,46.48132,1178.9230705,70.442931,,94.8996417691,65.9843639953,,0.416481570391
Kairali,Malayalam GEC,Malayalam GEC,OTHERS,2705.6142805,32.823015,173.215434,196.830327,173.215434,6.40207420727,16.6757915308,100.0,0.294100529679
Kappa TV,Malayalam Music,Malayalam Music,OTHERS,131.3053125,,10.56944,51.185824,,8.04951437132,,,
Kiran TV,Malayalam Movies,Malayalam Movies,Sun Network,441.656688,25.505475,194.9932185,26.3013165,,44.1504054615,96.9741381577,,0.228533963355
Kochu TV,Malayalam Kids,Malayalam Kids,Sun Network,212.1076665,83.808892,212.1076665,83.808892,,100.0,100.0,,0.750943797484
Kolkata TV,Bengali News,Bengali News,OTHERS,407.4867615,7.6270665,31.0011495,17.2091205,473.801444,7.60789120753,44.3199087368,6.54306775393,0.0683399833179
Kushi TV,Telugu Kids,Telugu Kids,OTHERS,51.7046535,15.448878,51.7046535,15.448878,,100.0,100.0,,0.138424919306
Life OK,Hindi GEC,Hindi GEC,Star Network,24252.32354,650.722518,2673.000697,5425.3185285,3735.368675,11.0216272375,11.9941808869,71.5592202422,5.83059896288
Life Ok HD,Hindi GEC,Hindi GEC,Star Network,24252.32354,2.132809,4.0306025,5425.3185285,7.060741,0.0166194488266,0.0393121434031,57.0846955015,0.0191103790009
Living India News,Hindi News,Hindi News,OTHERS,3967.655552,,1.6372435,22.033993,,0.0412647589626,,,
M Tunes,Hindi Music,Hindi Music,OTHERS,1844.2041725,5.563165,78.0345785,279.5362545,,4.23134160868,1.99014078154,,0.0498470287751
MAA,Telugu GEC,Telugu GEC,Star Network,6087.3425355,144.4009255,1559.6740945,903.2600595,1559.6740945,25.6215924339,15.9866390616,100.0,1.29386007579
MAIBOLI,Marathi GEC,Marathi GEC,OTHERS,1828.675765,58.829062,87.906818,453.124157,537.4309195,4.80712981943,12.9829895606,16.3568590512,0.527119714465
MN+,English Movies,English Movies,Times Group,316.0944775,,0.906302,18.545948,,0.286718707384,,,
MTV,Hindi Youth,Hindi Youth,Viacom,360.9866625,6.27324,150.278125,29.1549745,340.9803015,41.6298275286,21.5168769913,44.0723773012,0.0562094373963
MTunes HD,Hindi Music,Hindi Music,OTHERS,1844.2041725,0.452999,6.1952335,279.5362545,,0.335929914506,0.162053756072,,0.00405895819881
MUSIC F FATAFATI,Bengali Music,Bengali Music,OTHERS,56.6452365,5.4252285,10.8192645,9.5080385,,19.1000429489,57.0593871701,,0.0486110911955
Maa GOLD,Telugu GEC,Telugu GEC,Star Network,6087.3425355,22.3728875,104.497358,903.2600595,,1.71663344704,2.47690432724,,0.200465376632
Maa Movies,Telugu Movies,Telugu Movies,Star Network,894.071624,74.0193,288.568544,117.180954,,32.2757748097,63.1666644393,,0.663227169608
Maa Music,Telugu Music,Telugu Music,Star Network,288.718172,14.908272,94.9805225,45.9749645,,32.8973136128,32.4269353161,,0.133580985531
Manoranjan TV,Hindi Movies,Hindi Movies,OTHERS,10244.0330855,29.420403,57.2822795,745.0048915,66.396677,0.559177025512,3.94902145418,86.2728107613,0.263612471482
Mastiii,Hindi Music,Hindi Music,OTHERS,1844.2041725,7.2605455,295.371793,279.5362545,418.7506185,16.0162197551,2.59735378976,70.5364433987,0.0650558846378
Mazhavil Manorama,Malayalam GEC,Malayalam GEC,OTHERS,2705.6142805,,522.3177375,196.830327,522.3177375,19.3049593678,,100.0,
Media One TV,Malayalam GEC,Malayalam GEC,OTHERS,2705.6142805,,3.7985635,196.830327,,0.140395603593,,,
Mi Marathi,Marathi GEC,Marathi GEC,OTHERS,1828.675765,0.0,0.0,453.124157,0.0,0.0,0.0,,0.0
Movies Now,English Movies,English Movies,Times Group,316.0944775,4.933438,73.3624575,18.545948,104.466233,23.2090285412,26.601163769,70.2260006829,0.0442045536931
Movies OK,Hindi Movies,Hindi Movies,Star Network,10244.0330855,71.5273855,946.2807585,745.0048915,1409.5523645,9.23738483273,9.60092830478,67.1334235132,0.640899136233
Music India,Hindi Music,Hindi Music,OTHERS,1844.2041725,38.422648,57.2729275,279.5362545,65.6019,3.10556327515,13.745139452,87.3037633056,0.34427431875
Music Xpress,Hindi Music,Hindi Music,OTHERS,1844.2041725,0.970726,3.578645,279.5362545,6.659759,0.194048199942,0.347263005915,53.7353528859,0.00869789173154
NAT GEO PEOPLE,English INFO,English INFO,Star Network,826.2188965,,0.044424,15.523901,,0.00537678334255,,,
NDTV Good Times,English Lifestyle,English Lifestyle,NDTV Group,50.0434015,0.17506,4.997454,4.849767,7.321668,9.9862396444,3.60965794852,68.2556761656,0.00156857128224
NDTV India,Hindi News,Hindi News,NDTV Group,3967.655552,,177.7092945,22.033993,349.595,4.47894965102,,50.8329050759,
NEO Prime,Sports,Sports,Nimbus,828.6766034,,0.0306945,61.7129135,0.0306945,0.00370403844806,,100.0,
NEO Sports,Sports,Sports,Nimbus,828.6766034,,0.346077,61.7129135,0.346077,0.0417626126501,,100.0,
NEWS NATION,Hindi News,Hindi News,OTHERS,3967.655552,,353.5190105,22.033993,,8.91002270401,,,
NICK Junior,Hindi Kids,Hindi Kids,Viacom,2720.1450925,,10.5118555,274.8492215,6.8,0.386444661683,,154.586110294,
Nat Geo Wild,English INFO,English INFO,Star Network,826.2188965,,4.6016255,15.523901,5.662826,0.556949922048,,81.2602311991,
National Geographic,English INFO,English INFO,Star Network,826.2188965,1.196474,176.294001,15.523901,181.5221285,21.3374448039,7.70730243642,97.1198401301,0.0107206372464
News 24,Hindi News,Hindi News,OTHERS,3967.655552,,300.3759405,22.033993,493.12,7.57061535618,,60.9133558769,
Nickelodeon,Hindi Kids,Hindi Kids,Viacom,2720.1450925,80.9892035,843.24653,274.8492215,976.545,31.000057031,29.466775659,86.3499920639,0.725678846005
POGO,Hindi Kids,Hindi Kids,Turner Group,2720.1450925,133.587387,741.4578595,274.8492215,670.235,27.2580261084,48.603880437,110.626550314,1.19696869026
Pepsi MTV INDIES,Hindi Music,Hindi Music,Viacom,1844.2041725,,4.4179625,279.5362545,,0.239559294241,,,
Polimer TV,Tamil GEC,Tamil GEC,OTHERS,7032.552157,,199.632884,836.1146285,,2.83869752464,,,
Public Music,Kannada Music,Kannada Music,OTHERS,222.1447995,26.3012755,40.276788,77.9254365,,18.1308714364,33.7518487946,,0.23566448895
RAJ MUSIX KANNADA,Kannada Music,Kannada Music,OTHERS,222.1447995,8.188924,23.52403,77.9254365,,10.5895029066,10.5086661914,,0.0733743346215
RPLUS,Bengali News,Bengali News,OTHERS,407.4867615,8.331582,83.1229475,17.2091205,1126.824099,20.3989320276,48.4137582743,7.37674563171,0.0746525777495
Raj TV,Tamil GEC,Tamil GEC,OTHERS,7032.552157,,155.3802435,836.1146285,155.3802435,2.20944317271,,100.0,
Rishtey,Hindi GEC,Hindi GEC,Viacom,24252.32354,139.66691,423.0168995,5425.3185285,583.892231,1.74423246005,2.57435410043,72.447769818,1.25144238607
Romedy NOW,English GEC,English GEC,Times Group,27.754196,1.254512,11.011828,1.8088205,13.540102,39.676263726,69.3552511153,81.3275114176,0.0112406688931
Ruposhi Bangla,Bengali GEC,Bengali GEC,OTHERS,2109.26117,0.0,0.0,319.2389145,0.0,0.0,0.0,,0.0
S BANGLA,Bengali Music,Bengali Music,OTHERS,56.6452365,4.08281,45.825972,9.5080385,,80.8999570511,42.9406128299,,0.0365827631489
SURYA,Malayalam GEC,Malayalam GEC,Sun Network,2705.6142805,38.9418435,250.9843595,196.830327,250.9843595,9.27642795608,19.7844733043,100.0,0.348926410325
Saam,Marathi GEC,Marathi GEC,OTHERS,1828.675765,0.447075,19.579047,453.124157,145.7430915,1.07066804158,0.098665011144,13.4339451692,0.00400587801901
Sahara One,Hindi GEC,Hindi GEC,Sahara Network,24252.32354,7.676113,48.3195405,5425.3185285,77.0176165,0.199236747029,0.141486863116,62.7382963741,0.0687794493947
Sangeet Bhojpuri,Bhojpuri Music,Bhojpuri Music,OTHERS,26.652107,7.4010115,26.652107,7.4010115,,100.0,100.0,,0.066314487024
Sangeet Marathi,Marathi Music,Marathi Music,OTHERS,82.848966,14.321044,14.321044,21.8858335,,17.2857244833,65.4352232004,,0.128319309666
Sonic Nickelodeon,Hindi Kids,Hindi Kids,Viacom,2720.1450925,21.3582085,68.5435585,274.8492215,76.82,2.51984935248,7.77088193426,89.2261891435,0.191373657564
Sony Aath,Bengali Movies,Bengali Movies,Sony Network,478.8268245,15.2598275,84.2487875,84.932929,1265.406011,17.5948345392,17.9669153998,6.65784631712,0.136730990451
Sony Entertainment TV,Hindi GEC,Hindi GEC,Sony Network,24252.32354,331.693888,2094.3852245,5425.3185285,2964.4109755,8.63581265129,6.11381407852,70.650973897,2.9720410557
Sony Entertainment TV HD,Hindi GEC,Hindi GEC,Sony Network,24252.32354,1.19534,2.917309,5425.3185285,,0.0120289876357,0.0220326234067,,0.0107104763882
Sony KIX,Sports,Sports,Sony Network,828.6766034,,0.117029,61.7129135,,0.0141223970268,,,
Sony MAX,Hindi Movies,Hindi Movies,Sony Network,10244.0330855,,2235.421474,745.0048915,3225.6830715,21.8216932271,,69.3007162964,
Sony MAX 2,Hindi Movies,Hindi Movies,Sony Network,10244.0330855,45.3113955,850.86841,745.0048915,1241.9622325,8.30599045218,6.08202657687,68.5100068049,0.405998821773
Sony MIX,Hindi Music,Hindi Music,Sony Network,1844.2041725,,176.785596,279.5362545,289.5525305,9.58600997851,,61.0547577307,
Sony PAL,Hindi GEC,Hindi GEC,Sony Network,24252.32354,179.6548715,279.703819,5425.3185285,367.285083,1.15330730492,3.31141610499,76.1544184467,1.60974221495
Sony PIX,English Movies,English Movies,Sony Network,316.0944775,1.717641,62.8471785,18.545948,88.624955,19.882403197,9.26154327619,70.9136365711,0.015390393841
Sony PIX HD,English Movies,English Movies,Sony Network,316.0944775,,0.8483505,18.545948,,0.268385106475,,,
Sony SAB,Hindi GEC,Hindi GEC,Sony Network,24252.32354,423.5032765,2499.1524235,5425.3185285,3177.336124,10.3047958245,7.80605367731,78.6555883913,3.79467084115
Sony SIX,Sports,Sports,Sony Network,828.6766034,,19.6270275,61.7129135,19.6270275,2.36847853788,,100.0,
Sony SIX HD,Sports,Sports,Sony Network,828.6766034,,0.0200745,61.7129135,,0.00242247698531,,,
Star Gold,Hindi Movies,Hindi Movies,Star Network,10244.0330855,110.7888695,1107.1115645,745.0048915,1562.8200445,10.8073798206,14.8708915558,70.8406299494,0.992689586939
Star Gold HD,Hindi Movies,Hindi Movies,Star Network,10244.0330855,1.107709,4.3848045,745.0048915,9.159134,0.0428034980305,0.148684795582,47.8735707983,0.00992528576761
Star Jalsha,Bengali GEC,Bengali GEC,Star Network,2109.26117,156.3369265,1030.753877,319.2389145,18967.1595295,48.8680060895,48.9717635912,5.43441349453,1.40080894129
Star Movies,English Movies,English Movies,Star Network,316.0944775,5.036965,81.7103825,18.545948,81.709611,25.8499873665,27.1593827396,100.000944197,0.0451321755321
Star Movies Action,English Movies,English Movies,Star Network,316.0944775,,1.970536,18.545948,3.85686,0.623400957709,,51.0917170963,
Star Movies HD,English Movies,English Movies,Star Network,316.0944775,0.1191815,0.9835005,18.545948,2.3734275,0.311141310591,0.642628244186,41.4379836755,0.00106788917099
Star Movies Select HD,English Movies,English Movies,Star Network,316.0944775,,0.0375215,18.545948,0.107922,0.0118703434166,,34.7672393025,
Star Plus,Hindi GEC,Hindi GEC,Star Network,24252.32354,1195.2554875,5690.8306865,5425.3185285,9638.858012,23.4650947037,22.0310656641,59.0405074897,10.7097191399
Star Plus HD,Hindi GEC,Hindi GEC,Star Network,24252.32354,6.7783795,22.752996,5425.3185285,38.80702,0.093817798375,0.124939751729,58.6311342639,0.0607355845072
Star Pravah,Marathi GEC,Marathi GEC,Star Network,1828.675765,83.5544375,190.7769555,453.124157,1495.154557,10.4325194849,18.4396343054,12.7596812388,0.748663836206
Star Sports 1,Sports,Sports,Star Network,828.6766034,0.217831,256.1726568,61.7129135,256.1726568,30.9134656088,0.352974746525,100.0,0.00195180767155
Star Sports 2,Sports,Sports,Star Network,828.6766034,1.2425405,19.402735,61.7129135,19.402735,2.34141218907,2.0134205785,100.0,0.0111334019497
Star Sports 3,Sports,Sports,Star Network,828.6766034,0.359059,301.0698439,61.7129135,301.0698439,36.3314039113,0.581821501589,100.0,0.00321723772438
Star Sports 4,Sports,Sports,Star Network,828.6766034,,3.7297765,61.7129135,3.7297765,0.450088307634,,100.0,
Star Sports HD1,Sports,Sports,Star Network,828.6766034,0.004998,5.5888899,61.7129135,5.5888899,0.674435585254,0.00809879118736,100.0,4.47830416351e-05
Star Sports HD2,Sports,Sports,Star Network,828.6766034,0.008571,0.312509,61.7129135,0.312509,0.0377118164936,0.0138885032547,100.0,7.67978090945e-05
Star Sports HD3,Sports,Sports,Star Network,828.6766034,0.0,2.9411878,61.7129135,2.9411878,0.354925888813,0.0,100.0,0.0
Star Sports HD4,Sports,Sports,Star Network,828.6766034,,0.4442195,61.7129135,0.4442195,0.0536058938043,,100.0,
Star Utsav,Hindi GEC,Hindi GEC,Star Network,24252.32354,336.437644,691.179936,5425.3185285,1011.2506955,2.84995346883,6.20125145155,68.3490195928,3.01454602218
Star Vijay India,Tamil GEC,Tamil GEC,Star Network,7032.552157,10.535966,828.1831765,836.1146285,828.1831765,11.7764242342,1.2601102338,100.0,0.0944042825217
Star World,English GEC,English GEC,Star Network,27.754196,0.168749,3.9855985,1.8088205,6.5181255,14.3603457293,9.32922863269,61.1463909371,0.00151202350798
Star World HD,English GEC,English GEC,Star Network,27.754196,0.0,0.023598,1.8088205,0.067896,0.0850249814479,0.0,34.756097561,0.0
Sun Life,Tamil GEC,Tamil GEC,Sun Network,7032.552157,71.57446,204.44743,836.1146285,,2.9071583891,8.56036451944,,0.641320932811
Sun Music,Tamil Music,Tamil Music,Sun Network,527.3281735,20.9086025,337.827336,53.6809815,,64.063964904,38.9497395833,,0.187345101298
Sun TV,Tamil GEC,Tamil GEC,Sun Network,7032.552157,700.2030895,5211.3959595,836.1146285,5211.3959595,74.1039077017,83.7448677051,100.0,6.27395440378
Sun TV HD,Tamil GEC,Tamil GEC,Sun Network,7032.552157,2.344664,14.382314,836.1146285,,0.204510591303,0.280423750534,,0.0210086405627
Surya Music,Malayalam Music,Malayalam Music,Sun Network,131.3053125,29.8462495,73.6160225,51.185824,,56.064770799,58.3096005253,,0.267428138057
Suvarna,Kannada GEC,Kannada GEC,Star Network,2046.210747,75.9067675,353.90975,437.9758475,353.90975,17.2958601903,17.3312679074,100.0,0.680139241564
Suvarna Plus,Kannada Movies,Kannada Movies,Star Network,604.128543,,78.529201,57.385388,,12.9987569549,,,
TEZ,Hindi News,Hindi News,TV Today Group,3967.655552,12.5666125,147.382763,22.033993,251.7,3.71460579348,57.0328423904,58.5549316647,0.112599265866
TLC,English Lifestyle,English Lifestyle,Discovery Network,50.0434015,2.71394,19.4080485,4.849767,17.086578,38.782432685,55.9602141711,113.5865151,0.0243174245728
TLC HD World,English Lifestyle,English Lifestyle,Discovery Network,50.0434015,,0.020839,4.849767,,0.0416418536218,,,
TRAVEL XP HD,English Lifestyle,English Lifestyle,OTHERS,50.0434015,,0.204144,4.849767,0.220021,0.407933901136,,92.7838706305,
TV9 GUJARATI,Gujarati News,Gujarati News,OTHERS,70.427211,,40.626336,15.892159,,57.6855670176,,,
TV9 MARATHI,Marathi News,Marathi News,OTHERS,254.1373295,14.1652835,35.732539,31.0891035,303.471086,14.0603267809,45.5634994428,11.774610712,0.126923665617
Ten Action,Sports,Sports,Zee Network,828.6766034,,0.32166,61.7129135,0.32166,0.0388161073548,,100.0,
Ten Cricket,Sports,Sports,Zee Network,828.6766034,,5.6195525,61.7129135,5.6195525,0.67813577419,,100.0,
Ten HD,Sports,Sports,Zee Network,828.6766034,,0.03735,61.7129135,,0.00450718650035,,,
Ten Sports,Sports,Sports,Zee Network,828.6766034,59.879914,212.797477,61.7129135,212.797477,25.6791945286,97.0297958789,100.0,0.536535550573
Total TV,Hindi News,Hindi News,OTHERS,3967.655552,,4.7672915,22.033993,,0.120153865111,,,
UDAYA,Kannada GEC,Kannada GEC,Sun Network,2046.210747,77.2122895,420.1854835,437.9758475,420.1854835,20.5348097265,17.629348728,100.0,0.691836969871
UTV Action,Hindi Movies,Hindi Movies,Disney UTV,10244.0330855,,415.0743095,745.0048915,668.4812475,4.05186420266,,62.0921396153,
UTV Movies,Hindi Movies,Hindi Movies,Disney UTV,10244.0330855,,539.6765415,745.0048915,832.421437,5.26820381187,,64.8321291971,
Udaya Comedy,Kannada Comedy,Kannada Comedy,Sun Network,144.6023015,41.964838,144.6023015,41.964838,,100.0,100.0,,0.376013022682
Udaya Movies,Kannada Movies,Kannada Movies,Sun Network,604.128543,57.385388,525.599342,57.385388,,87.0012430451,100.0,,0.514184117657
Udaya Music,Kannada Music,Kannada Music,Sun Network,222.1447995,43.435237,158.3439815,77.9254365,,71.279625657,55.739485014,,0.389188080632
VH1,English Music,English Music,Viacom,12.431664,1.411815,11.662651,1.411815,,93.8140783084,100.0,,0.0126501340388
Vendhar TV,Tamil GEC,Tamil GEC,OTHERS,7032.552157,,14.9092685,836.1146285,,0.212003667618,,,
WB,English Movies,English Movies,Turner Group,316.0944775,1.39227,15.9843765,18.545948,28.3195325,5.05683510399,7.50713848653,56.4429391622,0.0124750070783
We,Malayalam Music,Malayalam Music,OTHERS,131.3053125,21.3395745,47.11985,51.185824,,35.8857148297,41.6903994747,,0.191206693339
Z Salaam,Hindi Others,Hindi Others,Zee Network,377.570785,0.250776,6.2237455,69.571919,,1.64836521978,0.360455775268,,0.0022470012103
ZQ,English INFO,English INFO,Zee Network,826.2188965,,8.905039,15.523901,,1.07780626148,,,
Zee 24 Taas,Marathi News,Marathi News,Zee Network,254.1373295,,78.114971,31.0891035,548.130017,30.7373069331,,14.2511755564,
Zee Action,Hindi Movies,Hindi Movies,Zee Network,10244.0330855,66.7975275,312.3724345,745.0048915,505.3863935,3.04931106619,8.96605220477,61.8086356336,0.59851869851
Zee Anmol,Hindi GEC,Hindi GEC,Zee Network,24252.32354,559.192491,1034.7541775,5425.3185285,1574.440505,4.26661872539,10.3070905065,65.7220246947,5.01047231022
Zee Bangla,Bengali GEC,Bengali GEC,Zee Network,2109.26117,121.566463,933.732798,319.2389145,16723.7160855,44.2682400492,38.0800890739,5.58328539678,1.08925889835
Zee Bangla Cinema,Bengali Movies,Bengali Movies,Zee Network,478.8268245,12.5959565,65.3710465,84.932929,902.1654365,13.6523359083,14.8304746443,7.24601540418,0.112862193752
Zee Business,Hindi News,Hindi News,Zee Network,3967.655552,,16.3444175,22.033993,34.015,0.411941442139,,48.0506173747,
Zee Café ,English GEC,English GEC,Zee Network,27.754196,0.1083325,5.5064455,1.8088205,6.7290295,19.8400468888,5.9891238517,81.8311986892,0.000970680043604
Zee Cinema,Hindi Movies,Hindi Movies,Zee Network,10244.0330855,110.9432305,1733.366196,745.0048915,2321.2763915,16.9207399228,14.891611017,74.6729774338,0.994072691199
Zee Cinema HD,Hindi Movies,Hindi Movies,Zee Network,10244.0330855,1.513133,4.360359,745.0048915,,0.0425648664311,0.203103767138,,0.0135579628128
Zee Classic,Hindi Movies,Hindi Movies,Zee Network,10244.0330855,80.886518,669.926065,745.0048915,1009.8117645,6.5396710398,10.8571794525,66.341677583,0.724758764168
Zee ETC Bollywood,Hindi Music,Hindi Music,Zee Network,1844.2041725,,33.7859315,279.5362545,,1.8320060221,,,
Zee Haryana Himachal,Hindi Others,Hindi Others,Zee Network,377.570785,,10.4967705,69.571919,,2.78008016431,,,
Zee Kannada,Kannada GEC,Kannada GEC,Zee Network,2046.210747,191.489815,644.6012535,437.9758475,644.6012535,31.5021927455,43.7215467686,100.0,1.7157855858
Zee Madhya Pradesh Chhattisgarh,Hindi News,Hindi News,Zee Network,3967.655552,,11.9962655,22.033993,,0.302351485475,,,
Zee Marathi,Marathi GEC,Marathi GEC,Zee Network,1828.675765,200.070261,1105.7859635,453.124157,9532.2411105,60.4692195667,44.1535190542,11.600482517,1.79266803287
Zee Marudhara,Hindi Others,Hindi Others,Zee Network,377.570785,,3.2648715,69.571919,,0.864704481836,,,
Zee News,Hindi News,Hindi News,Zee Network,3967.655552,,504.4839965,22.033993,997.125,12.7149141322,,50.5938569888,
Zee Purvaiya,Hindi Others,Hindi Others,Zee Network,377.570785,,5.534545,69.571919,,1.46582977812,,,
Zee Sangam,Hindi News,Hindi News,Zee Network,3967.655552,,46.008194,22.033993,,1.15958135471,,,
Zee Studio,English Movies,English Movies,Zee Network,316.0944775,3.4382995,40.695292,18.545948,40.98491,12.8744077789,18.5393569528,99.2933545542,0.0308078250625
Zee Studio HD,English Movies,English Movies,Zee Network,316.0944775,0.250154,2.3603955,18.545948,,0.746737342161,1.34883371829,,0.00224142797062
Zee TV,Hindi GEC,Hindi GEC,Zee Network,24252.32354,472.4260435,3187.0346315,5425.3185285,5602.742318,13.1411517179,8.70780288785,56.883476887,4.23302824641
Zee TV HD,Hindi GEC,Hindi GEC,Zee Network,24252.32354,4.307141,18.275769,5425.3185285,,0.0753567754853,0.0793896427901,,0.038592812071
Zee Talkies,Marathi Movies,Marathi Movies,Zee Network,321.3332515,29.1499755,310.1930495,40.2901775,2049.1528495,96.5331312748,72.3500796193,15.1376238027,0.261189389051
Zee Tamil,Tamil GEC,Tamil GEC,Zee Network,7032.552157,24.2248125,276.026916,836.1146285,276.026916,3.92498924768,2.89730757892,100.0,0.21705898095
Zee Telugu,Telugu GEC,Telugu GEC,Zee Network,6087.3425355,377.1928715,1879.13402,903.2600595,1879.13402,30.8695298325,41.7590557152,100.0,3.37972070205
Zindagi,Hindi GEC,Hindi GEC,Zee Network,24252.32354,,32.2816005,5425.3185285,66.6776815,0.133107248247,,48.4144016015,
Zing,Hindi Music,Hindi Music,Zee Network,1844.2041725,,59.0819995,279.5362545,121.2796795,3.20365827065,,48.7154977186,
Zoom,Hindi Music,Hindi Music,Times Group,1844.2041725,6.845203,53.3378425,279.5362545,116.583906,2.89218749721,2.44877109491,45.7506051478,0.0613343359243
